{"Accuracy(char)":64.09423233143785,"Accuracy(word)":9.45387792565397,"Val loss":1.109241327217647,"Train loss":0.939811743580537,"_wandb":{"runtime":542},"_timestamp":1.74775397883285e+09,"_runtime":453.859019,"_step":4}