{"_wandb":{"runtime":110},"Accuracy(char)":53.944310258396754,"Accuracy(word)":3.3731069297843046,"Val loss":1.5302452223641532,"Train loss":2.3035840777992513,"_timestamp":1.7477447369494872e+09,"_runtime":65.447872,"_step":0}