{"Val loss":1.2519791854752436,"Accuracy(word)":11.335474988526848,"_runtime":131.998708,"_timestamp":1.747492863618288e+09,"Train Accuracy(char)":61.901603436707056,"Train loss":1.347226565283847,"Accuracy(char)":60.34489804258102,"_wandb":{"runtime":161},"Train Accuracy(word)":12.955841100352911,"_step":56,"confusion_matrix_table":{"nrows":4489,"_type":"table-file","sha256":"124bb4147930fec6b280c9c95712dab1b12eaddd1fb0e9adbe5c98905590d7c7","size":121070,"artifact_path":"wandb-client-artifact://aks0hp9fkwevumbsehu4mnmn94obr9n1w5aol0xcbjko057ok4hoinjehv49wky6crkw2djxu9rc2tvg50ysqed9msy1cq9cpe4o56rhjr392ly75r5iiu0cotwlmw6z/confusion_matrix_table.table.json","_latest_artifact_path":"wandb-client-artifact://jjjkgb5mk9xly1za47ed6fn1gc68qykkxnce7uztujehcfr8zfxct7bgzchzrx0phiv5ilw9ttdj2vffyxol3kqm9jnn8ef2ayimjcvn5tur0tyva3mko6xow4r0sb0d:latest/confusion_matrix_table.table.json","path":"media/table/confusion_matrix_table_55_124bb4147930fec6b280.table.json","ncols":3}}